code,pocket_name,pocket_center_x,pocket_center_y,pocket_center_z,pocket_score,pocket_rank_within_code,residue_name,residue_score,residue_rank_within_pocket
P02768,IIA,-8.88,2.1,-9.96,0.98,1,A/TYR_174,0.93,5
P02768,IIA,-8.88,2.1,-9.96,0.98,1,A/GLU_177,0.88,10
P02768,IIA,-8.88,2.1,-9.96,0.98,1,A/LYS_219,0.71,15
P02768,IIA,-8.88,2.1,-9.96,0.98,1,A/LYS_223,0.96,3
P02768,IIA,-8.88,2.1,-9.96,0.98,1,A/PHE_235,0.62,19
P02768,IIA,-8.88,2.1,-9.96,0.98,1,A/TRP_238,0.68,16
P02768,IIA,-8.88,2.1,-9.96,0.98,1,A/ALA_239,0.75,13
P02768,IIA,-8.88,2.1,-9.96,0.98,1,A/ARG_242,0.97,2
P02768,IIA,-8.88,2.1,-9.96,0.98,1,A/LEU_243,0.89,9
P02768,IIA,-8.88,2.1,-9.96,0.98,1,A/ARG_246,0.85,12
P02768,IIA,-8.88,2.1,-9.96,0.98,1,A/LEU_262,0.96,4
P02768,IIA,-8.88,2.1,-9.96,0.98,1,A/HIS_266,0.91,8
P02768,IIA,-8.88,2.1,-9.96,0.98,1,A/ARG_281,0.85,11
P02768,IIA,-8.88,2.1,-9.96,0.98,1,A/LEU_284,0.67,17
P02768,IIA,-8.88,2.1,-9.96,0.98,1,A/ILE_288,0.62,20
P02768,IIA,-8.88,2.1,-9.96,0.98,1,A/SER_311,0.91,7
P02768,IIA,-8.88,2.1,-9.96,0.98,1,A/HIS_312,0.56,21
P02768,IIA,-8.88,2.1,-9.96,0.98,1,A/ILE_314,0.92,6
P02768,IIA,-8.88,2.1,-9.96,0.98,1,A/ALA_315,0.98,1
P02768,IIA,-8.88,2.1,-9.96,0.98,1,A/GLU_316,0.73,14
P02768,IIA,-8.88,2.1,-9.96,0.98,1,A/ASN_319,0.52,22
P02768,IIA,-8.88,2.1,-9.96,0.98,1,A/ASP_475,0.64,18
P02768,IIIA/IIIB,15.68,-9.18,14.84,0.97,2,A/LEU_418,0.74,15
P02768,IIIA/IIIB,15.68,-9.18,14.84,0.97,2,A/LEU_422,0.9,11
P02768,IIIA/IIIB,15.68,-9.18,14.84,0.97,2,A/TYR_425,0.86,13
P02768,IIIA/IIIB,15.68,-9.18,14.84,0.97,2,A/LYS_426,0.97,6
P02768,IIIA/IIIB,15.68,-9.18,14.84,0.97,2,A/ASN_429,0.98,5
P02768,IIIA/IIIB,15.68,-9.18,14.84,0.97,2,A/ALA_430,0.97,7
P02768,IIIA/IIIB,15.68,-9.18,14.84,0.97,2,A/VAL_433,0.98,4
P02768,IIIA/IIIB,15.68,-9.18,14.84,0.97,2,A/ARG_434,0.66,16
P02768,IIIA/IIIB,15.68,-9.18,14.84,0.97,2,A/LYS_549,0.84,14
P02768,IIIA/IIIB,15.68,-9.18,14.84,0.97,2,A/LEU_553,0.96,9
P02768,IIIA/IIIB,15.68,-9.18,14.84,0.97,2,A/LYS_565,0.99,1
P02768,IIIA/IIIB,15.68,-9.18,14.84,0.97,2,A/LEU_568,0.99,2
P02768,IIIA/IIIB,15.68,-9.18,14.84,0.97,2,A/LYS_569,0.99,3
P02768,IIIA/IIIB,15.68,-9.18,14.84,0.97,2,A/MET_572,0.96,8
P02768,IIIA/IIIB,15.68,-9.18,14.84,0.97,2,A/ASP_573,0.91,10
P02768,IIIA/IIIB,15.68,-9.18,14.84,0.97,2,A/ALA_576,0.88,12
P02768,IIIA,9.99,-3.92,1.52,0.84,3,A/LEU_411,0.89,11
P02768,IIIA,9.99,-3.92,1.52,0.84,3,A/ILE_412,0.94,8
P02768,IIIA,9.99,-3.92,1.52,0.84,3,A/ASN_415,0.97,3
P02768,IIIA,9.99,-3.92,1.52,0.84,3,A/CYS_416,0.88,12
P02768,IIIA,9.99,-3.92,1.52,0.84,3,A/PHE_427,0.9,10
P02768,IIIA,9.99,-3.92,1.52,0.84,3,A/LEU_431,0.96,4
P02768,IIIA,9.99,-3.92,1.52,0.84,3,A/ARG_434,0.83,14
P02768,IIIA,9.99,-3.92,1.52,0.84,3,A/TYR_435,0.79,15
P02768,IIIA,9.99,-3.92,1.52,0.84,3,A/LYS_438,0.65,20
P02768,IIIA,9.99,-3.92,1.52,0.84,3,A/LEU_454,0.98,2
P02768,IIIA,9.99,-3.92,1.52,0.84,3,A/GLY_455,0.65,19
P02768,IIIA,9.99,-3.92,1.52,0.84,3,A/VAL_457,0.96,5
P02768,IIIA,9.99,-3.92,1.52,0.84,3,A/GLY_458,0.95,7
P02768,IIIA,9.99,-3.92,1.52,0.84,3,A/CYS_462,0.77,17
P02768,IIIA,9.99,-3.92,1.52,0.84,3,A/ALA_473,0.93,9
P02768,IIIA,9.99,-3.92,1.52,0.84,3,A/LEU_477,0.98,1
P02768,IIIA,9.99,-3.92,1.52,0.84,3,A/LEU_481,0.69,18
P02768,IIIA,9.99,-3.92,1.52,0.84,3,A/ARG_508,0.63,21
P02768,IIIA,9.99,-3.92,1.52,0.84,3,A/ARG_509,0.95,6
P02768,IIIA,9.99,-3.92,1.52,0.84,3,A/PHE_512,0.77,16
P02768,IIIA,9.99,-3.92,1.52,0.84,3,A/SER_513,0.83,13
P02768,IIA/IIB,2.71,7.31,-14.61,0.83,4,A/SER_226,0.61,18
P02768,IIA/IIB,2.71,7.31,-14.61,0.83,4,A/PHE_230,0.56,20
P02768,IIA/IIB,2.71,7.31,-14.61,0.83,4,A/GLY_231,0.51,22
P02768,IIA/IIB,2.71,7.31,-14.61,0.83,4,A/GLU_232,0.7,17
P02768,IIA/IIB,2.71,7.31,-14.61,0.83,4,A/ARG_233,0.99,2
P02768,IIA/IIB,2.71,7.31,-14.61,0.83,4,A/ALA_234,0.91,11
P02768,IIA/IIB,2.71,7.31,-14.61,0.83,4,A/LYS_236,0.9,12
P02768,IIA/IIB,2.71,7.31,-14.61,0.83,4,A/ALA_237,1.0,1
P02768,IIA/IIB,2.71,7.31,-14.61,0.83,4,A/VAL_240,0.98,4
P02768,IIA/IIB,2.71,7.31,-14.61,0.83,4,A/PHE_252,0.59,19
P02768,IIA/IIB,2.71,7.31,-14.61,0.83,4,A/LYS_347,0.87,16
P02768,IIA/IIB,2.71,7.31,-14.61,0.83,4,A/ASP_348,0.95,10
P02768,IIA/IIB,2.71,7.31,-14.61,0.83,4,A/VAL_349,0.9,13
P02768,IIA/IIB,2.71,7.31,-14.61,0.83,4,A/LEU_351,0.96,6
P02768,IIA/IIB,2.71,7.31,-14.61,0.83,4,A/GLY_352,0.96,7
P02768,IIA/IIB,2.71,7.31,-14.61,0.83,4,A/LEU_355,0.96,8
P02768,IIA/IIB,2.71,7.31,-14.61,0.83,4,A/LEU_371,0.96,5
P02768,IIA/IIB,2.71,7.31,-14.61,0.83,4,A/ALA_374,0.95,9
P02768,IIA/IIB,2.71,7.31,-14.61,0.83,4,A/LYS_375,0.98,3
P02768,IIA/IIB,2.71,7.31,-14.61,0.83,4,A/GLU_378,0.88,14
P02768,IIA/IIB,2.71,7.31,-14.61,0.83,4,A/LEU_505,0.55,21
P02768,IIA/IIB,2.71,7.31,-14.61,0.83,4,A/VAL_506,0.88,15
P02768,IIIB,13.77,-8.31,23.12,0.78,5,A/TYR_425,0.86,12
P02768,IIIB,13.77,-8.31,23.12,0.78,5,A/LYS_426,0.9,10
P02768,IIIB,13.77,-8.31,23.12,0.78,5,A/ASN_429,0.92,7
P02768,IIIB,13.77,-8.31,23.12,0.78,5,A/ALA_430,0.79,14
P02768,IIIB,13.77,-8.31,23.12,0.78,5,A/VAL_433,0.58,18
P02768,IIIB,13.77,-8.31,23.12,0.78,5,A/PHE_531,0.64,17
P02768,IIIB,13.77,-8.31,23.12,0.78,5,A/GLN_546,0.69,16
P02768,IIIB,13.77,-8.31,23.12,0.78,5,A/LYS_549,0.94,5
P02768,IIIB,13.77,-8.31,23.12,0.78,5,A/GLN_550,0.51,19
P02768,IIIB,13.77,-8.31,23.12,0.78,5,A/LEU_553,0.95,4
P02768,IIIB,13.77,-8.31,23.12,0.78,5,A/LEU_556,0.86,13
P02768,IIIB,13.77,-8.31,23.12,0.78,5,A/LYS_565,0.92,6
P02768,IIIB,13.77,-8.31,23.12,0.78,5,A/LEU_568,0.96,3
P02768,IIIB,13.77,-8.31,23.12,0.78,5,A/LYS_569,0.97,2
P02768,IIIB,13.77,-8.31,23.12,0.78,5,A/MET_572,0.97,1
P02768,IIIB,13.77,-8.31,23.12,0.78,5,A/ASP_573,0.88,11
P02768,IIIB,13.77,-8.31,23.12,0.78,5,A/PHE_575,0.91,8
P02768,IIIB,13.77,-8.31,23.12,0.78,5,A/ALA_576,0.9,9
P02768,IIIB,13.77,-8.31,23.12,0.78,5,A/VAL_579,0.75,15
P02768,IIB,5.55,10.49,-29.82,0.67,6,A/PHE_6,0.61,17
P02768,IIB,5.55,10.49,-29.82,0.67,6,A/ARG_233,0.9,10
P02768,IIB,5.55,10.49,-29.82,0.67,6,A/LYS_236,0.91,8
P02768,IIB,5.55,10.49,-29.82,0.67,6,A/ALA_237,0.97,3
P02768,IIB,5.55,10.49,-29.82,0.67,6,A/VAL_240,0.9,9
P02768,IIB,5.55,10.49,-29.82,0.67,6,A/PHE_252,0.78,13
P02768,IIB,5.55,10.49,-29.82,0.67,6,A/SER_256,0.51,19
P02768,IIB,5.55,10.49,-29.82,0.67,6,A/LYS_347,0.87,12
P02768,IIB,5.55,10.49,-29.82,0.67,6,A/ASP_348,0.97,2
P02768,IIB,5.55,10.49,-29.82,0.67,6,A/VAL_349,0.96,4
P02768,IIB,5.55,10.49,-29.82,0.67,6,A/PHE_350,0.71,16
P02768,IIB,5.55,10.49,-29.82,0.67,6,A/LEU_351,0.95,5
P02768,IIB,5.55,10.49,-29.82,0.67,6,A/GLY_352,0.98,1
P02768,IIB,5.55,10.49,-29.82,0.67,6,A/MET_353,0.6,18
P02768,IIB,5.55,10.49,-29.82,0.67,6,A/LEU_355,0.95,6
P02768,IIB,5.55,10.49,-29.82,0.67,6,A/LEU_371,0.92,7
P02768,IIB,5.55,10.49,-29.82,0.67,6,A/ALA_374,0.77,14
P02768,IIB,5.55,10.49,-29.82,0.67,6,A/LYS_375,0.88,11
P02768,IIB,5.55,10.49,-29.82,0.67,6,A/GLU_378,0.74,15
P02768,IIA/IIIA,-0.33,6.5,-7.17,0.62,7,A/LYS_219,0.81,12
P02768,IIA/IIIA,-0.33,6.5,-7.17,0.62,7,A/LEU_222,0.96,3
P02768,IIA/IIIA,-0.33,6.5,-7.17,0.62,7,A/LYS_223,0.97,2
P02768,IIA/IIIA,-0.33,6.5,-7.17,0.62,7,A/SER_226,0.94,4
P02768,IIA/IIIA,-0.33,6.5,-7.17,0.62,7,A/PHE_230,0.56,18
P02768,IIA/IIIA,-0.33,6.5,-7.17,0.62,7,A/ARG_233,0.74,17
P02768,IIA/IIIA,-0.33,6.5,-7.17,0.62,7,A/ALA_234,0.88,9
P02768,IIA/IIIA,-0.33,6.5,-7.17,0.62,7,A/PHE_235,0.88,8
P02768,IIA/IIIA,-0.33,6.5,-7.17,0.62,7,A/ALA_237,0.85,11
P02768,IIA/IIIA,-0.33,6.5,-7.17,0.62,7,A/TRP_238,0.99,1
P02768,IIA/IIIA,-0.33,6.5,-7.17,0.62,7,A/ARG_242,0.94,5
P02768,IIA/IIIA,-0.33,6.5,-7.17,0.62,7,A/VAL_368,0.79,15
P02768,IIA/IIIA,-0.33,6.5,-7.17,0.62,7,A/LEU_371,0.86,10
P02768,IIA/IIIA,-0.33,6.5,-7.17,0.62,7,A/LYS_375,0.8,13
P02768,IIA/IIIA,-0.33,6.5,-7.17,0.62,7,A/SER_478,0.9,7
P02768,IIA/IIIA,-0.33,6.5,-7.17,0.62,7,A/LEU_505,0.91,6
P02768,IIA/IIIA,-0.33,6.5,-7.17,0.62,7,A/VAL_506,0.8,14
P02768,IIA/IIIA,-0.33,6.5,-7.17,0.62,7,A/ARG_508,0.76,16
P02768,II/III,2.37,7.37,-5.33,0.26,8,A/LYS_219,0.78,11
P02768,II/III,2.37,7.37,-5.33,0.26,8,A/LEU_222,0.97,3
P02768,II/III,2.37,7.37,-5.33,0.26,8,A/LYS_223,0.98,2
P02768,II/III,2.37,7.37,-5.33,0.26,8,A/SER_226,0.96,5
P02768,II/III,2.37,7.37,-5.33,0.26,8,A/PHE_230,0.66,15
P02768,II/III,2.37,7.37,-5.33,0.26,8,A/ALA_234,0.69,13
P02768,II/III,2.37,7.37,-5.33,0.26,8,A/PHE_235,0.81,10
P02768,II/III,2.37,7.37,-5.33,0.26,8,A/TRP_238,0.98,1
P02768,II/III,2.37,7.37,-5.33,0.26,8,A/ARG_242,0.96,4
P02768,II/III,2.37,7.37,-5.33,0.26,8,A/VAL_368,0.88,8
P02768,II/III,2.37,7.37,-5.33,0.26,8,A/LEU_371,0.68,14
P02768,II/III,2.37,7.37,-5.33,0.26,8,A/SER_478,0.92,6
P02768,II/III,2.37,7.37,-5.33,0.26,8,A/ASN_482,0.52,17
P02768,II/III,2.37,7.37,-5.33,0.26,8,A/CYS_485,0.56,16
P02768,II/III,2.37,7.37,-5.33,0.26,8,A/LEU_505,0.9,7
P02768,II/III,2.37,7.37,-5.33,0.26,8,A/VAL_506,0.73,12
P02768,II/III,2.37,7.37,-5.33,0.26,8,A/ARG_508,0.82,9
P02768,IA/IIA,-23.15,15.38,-2.3,0.17,9,A/GLU_30,0.91,9
P02768,IA/IIA,-23.15,15.38,-2.3,0.17,9,A/HIS_33,0.86,16
P02768,IA/IIA,-23.15,15.38,-2.3,0.17,9,A/ARG_34,0.94,7
P02768,IA/IIA,-23.15,15.38,-2.3,0.17,9,A/PHE_43,0.75,19
P02768,IA/IIA,-23.15,15.38,-2.3,0.17,9,A/VAL_47,0.74,20
P02768,IA/IIA,-23.15,15.38,-2.3,0.17,9,A/ALA_50,0.87,13
P02768,IA/IIA,-23.15,15.38,-2.3,0.17,9,A/PHE_51,0.93,8
P02768,IA/IIA,-23.15,15.38,-2.3,0.17,9,A/TYR_54,0.95,6
P02768,IA/IIA,-23.15,15.38,-2.3,0.17,9,A/VAL_70,0.62,21
P02768,IA/IIA,-23.15,15.38,-2.3,0.17,9,A/SER_89,0.88,10
P02768,IA/IIA,-23.15,15.38,-2.3,0.17,9,A/LEU_90,0.98,2
P02768,IA/IIA,-23.15,15.38,-2.3,0.17,9,A/HIS_91,0.98,3
P02768,IA/IIA,-23.15,15.38,-2.3,0.17,9,A/PHE_94,0.98,1
P02768,IA/IIA,-23.15,15.38,-2.3,0.17,9,A/GLY_95,0.77,18
P02768,IA/IIA,-23.15,15.38,-2.3,0.17,9,A/LEU_98,0.83,17
P02768,IA/IIA,-23.15,15.38,-2.3,0.17,9,A/GLU_119,0.57,22
P02768,IA/IIA,-23.15,15.38,-2.3,0.17,9,A/ASN_123,0.95,5
P02768,IA/IIA,-23.15,15.38,-2.3,0.17,9,A/GLY_272,0.87,14
P02768,IA/IIA,-23.15,15.38,-2.3,0.17,9,A/ASP_273,0.97,4
P02768,IA/IIA,-23.15,15.38,-2.3,0.17,9,A/LEU_274,0.88,11
P02768,IA/IIA,-23.15,15.38,-2.3,0.17,9,A/LEU_275,0.87,15
P02768,IA/IIA,-23.15,15.38,-2.3,0.17,9,A/GLU_276,0.87,12
P02768,IA,-25.35,20.06,0.94,0.15,10,A/GLU_30,0.89,10
P02768,IA,-25.35,20.06,0.94,0.15,10,A/HIS_33,0.7,16
P02768,IA,-25.35,20.06,0.94,0.15,10,A/ARG_34,0.7,15
P02768,IA,-25.35,20.06,0.94,0.15,10,A/VAL_47,0.59,21
P02768,IA,-25.35,20.06,0.94,0.15,10,A/ALA_50,0.85,11
P02768,IA,-25.35,20.06,0.94,0.15,10,A/PHE_51,0.93,7
P02768,IA,-25.35,20.06,0.94,0.15,10,A/TYR_54,0.97,4
P02768,IA,-25.35,20.06,0.94,0.15,10,A/VAL_70,0.62,19
P02768,IA,-25.35,20.06,0.94,0.15,10,A/SER_89,0.89,9
P02768,IA,-25.35,20.06,0.94,0.15,10,A/LEU_90,0.98,3
P02768,IA,-25.35,20.06,0.94,0.15,10,A/HIS_91,0.99,2
P02768,IA,-25.35,20.06,0.94,0.15,10,A/PHE_94,0.99,1
P02768,IA,-25.35,20.06,0.94,0.15,10,A/GLY_95,0.81,13
P02768,IA,-25.35,20.06,0.94,0.15,10,A/LYS_97,0.6,20
P02768,IA,-25.35,20.06,0.94,0.15,10,A/LEU_98,0.91,8
P02768,IA,-25.35,20.06,0.94,0.15,10,A/GLU_119,0.64,17
P02768,IA,-25.35,20.06,0.94,0.15,10,A/ASN_123,0.97,5
P02768,IA,-25.35,20.06,0.94,0.15,10,A/PHE_126,0.58,23
P02768,IA,-25.35,20.06,0.94,0.15,10,A/LEU_127,0.59,22
P02768,IA,-25.35,20.06,0.94,0.15,10,A/GLY_272,0.83,12
P02768,IA,-25.35,20.06,0.94,0.15,10,A/ASP_273,0.95,6
P02768,IA,-25.35,20.06,0.94,0.15,10,A/LEU_274,0.77,14
P02768,IA,-25.35,20.06,0.94,0.15,10,A/GLU_276,0.62,18
P02768,IB,-14.79,-0.12,3.64,0.09,11,A/ARG_138,0.55,18
P02768,IB,-14.79,-0.12,3.64,0.09,11,A/LEU_139,0.72,14
P02768,IB,-14.79,-0.12,3.64,0.09,11,A/ARG_141,0.79,12
P02768,IB,-14.79,-0.12,3.64,0.09,11,A/TYR_162,0.93,5
P02768,IB,-14.79,-0.12,3.64,0.09,11,A/GLU_165,0.53,21
P02768,IB,-14.79,-0.12,3.64,0.09,11,A/ILE_166,0.95,3
P02768,IB,-14.79,-0.12,3.64,0.09,11,A/ARG_169,0.84,11
P02768,IB,-14.79,-0.12,3.64,0.09,11,A/HIS_170,0.87,10
P02768,IB,-14.79,-0.12,3.64,0.09,11,A/PHE_173,0.78,13
P02768,IB,-14.79,-0.12,3.64,0.09,11,A/GLU_177,0.55,19
P02768,IB,-14.79,-0.12,3.64,0.09,11,A/LEU_178,0.58,17
P02768,IB,-14.79,-0.12,3.64,0.09,11,A/PHE_181,0.88,8
P02768,IB,-14.79,-0.12,3.64,0.09,11,A/ALA_182,0.54,20
P02768,IB,-14.79,-0.12,3.64,0.09,11,A/TYR_185,0.93,6
P02768,IB,-14.79,-0.12,3.64,0.09,11,A/LEU_206,0.93,7
P02768,IB,-14.79,-0.12,3.64,0.09,11,A/ASP_207,0.66,15
P02768,IB,-14.79,-0.12,3.64,0.09,11,A/LEU_209,0.87,9
P02768,IB,-14.79,-0.12,3.64,0.09,11,A/ARG_210,0.98,1
P02768,IB,-14.79,-0.12,3.64,0.09,11,A/GLY_213,0.95,4
P02768,IB,-14.79,-0.12,3.64,0.09,11,A/LYS_214,0.96,2
P02768,IB,-14.79,-0.12,3.64,0.09,11,A/SER_217,0.59,16
P02768,IA/IB,-25.24,0.69,2.06,0.05,12,A/LEU_38,0.71,17
P02768,IA/IB,-25.24,0.69,2.06,0.05,12,A/GLY_39,0.71,16
P02768,IA/IB,-25.24,0.69,2.06,0.05,12,A/GLU_40,0.86,10
P02768,IA/IB,-25.24,0.69,2.06,0.05,12,A/GLU_41,0.97,4
P02768,IA/IB,-25.24,0.69,2.06,0.05,12,A/ASN_42,0.95,6
P02768,IA/IB,-25.24,0.69,2.06,0.05,12,A/LYS_44,0.53,20
P02768,IA/IB,-25.24,0.69,2.06,0.05,12,A/ALA_45,0.98,2
P02768,IA/IB,-25.24,0.69,2.06,0.05,12,A/LEU_48,0.51,21
P02768,IA/IB,-25.24,0.69,2.06,0.05,12,A/GLU_155,0.68,18
P02768,IA/IB,-25.24,0.69,2.06,0.05,12,A/GLU_156,0.85,11
P02768,IA/IB,-25.24,0.69,2.06,0.05,12,A/LEU_159,0.93,7
P02768,IA/IB,-25.24,0.69,2.06,0.05,12,A/LYS_160,0.9,9
P02768,IA/IB,-25.24,0.69,2.06,0.05,12,A/LEU_163,0.82,13
P02768,IA/IB,-25.24,0.69,2.06,0.05,12,A/PRO_176,0.64,19
P02768,IA/IB,-25.24,0.69,2.06,0.05,12,A/LEU_179,0.97,3
P02768,IA/IB,-25.24,0.69,2.06,0.05,12,A/ALA_182,0.91,8
P02768,IA/IB,-25.24,0.69,2.06,0.05,12,A/LYS_183,0.98,1
P02768,IA/IB,-25.24,0.69,2.06,0.05,12,A/LYS_186,0.82,14
P02768,IA/IB,-25.24,0.69,2.06,0.05,12,A/ALA_278,0.72,15
P02768,IA/IB,-25.24,0.69,2.06,0.05,12,A/ALA_282,0.51,22
P02768,IA/IB,-25.24,0.69,2.06,0.05,12,A/LEU_307,0.85,12
P02768,IA/IB,-25.24,0.69,2.06,0.05,12,A/LEU_308,0.96,5
P02768,I/III,-2.15,-1.0,5.9,0.05,13,A/ASP_132,0.68,17
P02768,I/III,-2.15,-1.0,5.9,0.05,13,A/ASN_133,0.51,23
P02768,I/III,-2.15,-1.0,5.9,0.05,13,A/LEU_139,0.59,21
P02768,I/III,-2.15,-1.0,5.9,0.05,13,A/ILE_166,0.55,22
P02768,I/III,-2.15,-1.0,5.9,0.05,13,A/ARG_169,0.73,14
P02768,I/III,-2.15,-1.0,5.9,0.05,13,A/HIS_170,0.85,8
P02768,I/III,-2.15,-1.0,5.9,0.05,13,A/ARG_210,0.82,10
P02768,I/III,-2.15,-1.0,5.9,0.05,13,A/ASP_211,0.69,16
P02768,I/III,-2.15,-1.0,5.9,0.05,13,A/GLY_213,0.74,13
P02768,I/III,-2.15,-1.0,5.9,0.05,13,A/LYS_214,0.96,1
P02768,I/III,-2.15,-1.0,5.9,0.05,13,A/ALA_215,0.94,3
P02768,I/III,-2.15,-1.0,5.9,0.05,13,A/SER_217,0.63,19
P02768,I/III,-2.15,-1.0,5.9,0.05,13,A/ALA_218,0.92,5
P02768,I/III,-2.15,-1.0,5.9,0.05,13,A/LYS_219,0.7,15
P02768,I/III,-2.15,-1.0,5.9,0.05,13,A/ARG_221,0.66,18
P02768,I/III,-2.15,-1.0,5.9,0.05,13,A/GLU_449,0.81,11
P02768,I/III,-2.15,-1.0,5.9,0.05,13,A/ASN_453,0.95,2
P02768,I/III,-2.15,-1.0,5.9,0.05,13,A/LYS_456,0.88,7
P02768,I/III,-2.15,-1.0,5.9,0.05,13,A/LYS_460,0.62,20
P02768,I/III,-2.15,-1.0,5.9,0.05,13,A/TYR_476,0.8,12
P02768,I/III,-2.15,-1.0,5.9,0.05,13,A/VAL_479,0.83,9
P02768,I/III,-2.15,-1.0,5.9,0.05,13,A/VAL_480,0.89,6
P02768,I/III,-2.15,-1.0,5.9,0.05,13,A/GLN_483,0.93,4
P02768,I/II,-7.57,10.6,0.53,0.02,14,A/GLN_53,0.82,7
P02768,I/II,-7.57,10.6,0.53,0.02,14,A/TYR_54,0.61,30
P02768,I/II,-7.57,10.6,0.53,0.02,14,A/ASN_123,0.63,27
P02768,I/II,-7.57,10.6,0.53,0.02,14,A/LEU_127,0.82,6
P02768,I/II,-7.57,10.6,0.53,0.02,14,A/GLN_128,0.68,19
P02768,I/II,-7.57,10.6,0.53,0.02,14,A/LYS_130,0.76,10
P02768,I/II,-7.57,10.6,0.53,0.02,14,A/ASP_132,0.69,18
P02768,I/II,-7.57,10.6,0.53,0.02,14,A/ARG_169,0.64,25
P02768,I/II,-7.57,10.6,0.53,0.02,14,A/HIS_170,0.56,35
P02768,I/II,-7.57,10.6,0.53,0.02,14,A/PRO_171,0.72,15
P02768,I/II,-7.57,10.6,0.53,0.02,14,A/TYR_172,0.9,2
P02768,I/II,-7.57,10.6,0.53,0.02,14,A/PHE_173,0.66,24
P02768,I/II,-7.57,10.6,0.53,0.02,14,A/GLU_177,0.53,40
P02768,I/II,-7.57,10.6,0.53,0.02,14,A/GLY_213,0.55,37
P02768,I/II,-7.57,10.6,0.53,0.02,14,A/LYS_214,0.57,33
P02768,I/II,-7.57,10.6,0.53,0.02,14,A/ALA_215,0.5,43
P02768,I/II,-7.57,10.6,0.53,0.02,14,A/SER_217,0.62,28
P02768,I/II,-7.57,10.6,0.53,0.02,14,A/ALA_218,0.61,29
P02768,I/II,-7.57,10.6,0.53,0.02,14,A/GLN_220,0.67,22
P02768,I/II,-7.57,10.6,0.53,0.02,14,A/ARG_221,0.72,14
P02768,I/II,-7.57,10.6,0.53,0.02,14,A/LEU_222,0.52,42
P02768,I/II,-7.57,10.6,0.53,0.02,14,A/LYS_223,0.71,16
P02768,I/II,-7.57,10.6,0.53,0.02,14,A/CYS_224,0.83,5
P02768,I/II,-7.57,10.6,0.53,0.02,14,A/ALA_225,0.7,17
P02768,I/II,-7.57,10.6,0.53,0.02,14,A/SER_226,0.57,32
P02768,I/II,-7.57,10.6,0.53,0.02,14,A/LEU_227,0.84,3
P02768,I/II,-7.57,10.6,0.53,0.02,14,A/GLN_228,0.77,8
P02768,I/II,-7.57,10.6,0.53,0.02,14,A/LYS_229,0.67,21
P02768,I/II,-7.57,10.6,0.53,0.02,14,A/PHE_230,0.56,36
P02768,I/II,-7.57,10.6,0.53,0.02,14,A/HIS_266,0.59,31
P02768,I/II,-7.57,10.6,0.53,0.02,14,A/THR_267,0.72,13
P02768,I/II,-7.57,10.6,0.53,0.02,14,A/GLU_268,0.53,41
P02768,I/II,-7.57,10.6,0.53,0.02,14,A/CYS_269,0.55,38
P02768,I/II,-7.57,10.6,0.53,0.02,14,A/CYS_270,0.84,4
P02768,I/II,-7.57,10.6,0.53,0.02,14,A/HIS_271,0.91,1
P02768,I/II,-7.57,10.6,0.53,0.02,14,A/GLY_272,0.67,20
P02768,I/II,-7.57,10.6,0.53,0.02,14,A/ASP_273,0.73,12
P02768,I/II,-7.57,10.6,0.53,0.02,14,A/LEU_274,0.76,11
P02768,I/II,-7.57,10.6,0.53,0.02,14,A/ASN_482,0.55,39
P02768,I/II,-7.57,10.6,0.53,0.02,14,A/GLN_483,0.63,26
P02768,I/II,-7.57,10.6,0.53,0.02,14,A/CYS_485,0.66,23
P02768,I/II,-7.57,10.6,0.53,0.02,14,A/VAL_486,0.77,9
P02768,I/II,-7.57,10.6,0.53,0.02,14,A/GLU_489,0.57,34
P02768,IIIB',3.68,-15.73,27.48,0.01,15,A/TYR_425,0.67,11
P02768,IIIB',3.68,-15.73,27.48,0.01,15,A/ILE_537,0.92,3
P02768,IIIB',3.68,-15.73,27.48,0.01,15,A/CYS_538,0.92,4
P02768,IIIB',3.68,-15.73,27.48,0.01,15,A/THR_539,0.54,13
P02768,IIIB',3.68,-15.73,27.48,0.01,15,A/LEU_540,0.58,12
P02768,IIIB',3.68,-15.73,27.48,0.01,15,A/GLU_542,0.89,7
P02768,IIIB',3.68,-15.73,27.48,0.01,15,A/ARG_545,0.97,1
P02768,IIIB',3.68,-15.73,27.48,0.01,15,A/GLN_546,0.82,9
P02768,IIIB',3.68,-15.73,27.48,0.01,15,A/LYS_549,0.91,5
P02768,IIIB',3.68,-15.73,27.48,0.01,15,A/PHE_575,0.53,14
P02768,IIIB',3.68,-15.73,27.48,0.01,15,A/ALA_576,0.73,10
P02768,IIIB',3.68,-15.73,27.48,0.01,15,A/VAL_579,0.89,6
P02768,IIIB',3.68,-15.73,27.48,0.01,15,A/GLU_580,0.82,8
P02768,IIIB',3.68,-15.73,27.48,0.01,15,A/CYS_583,0.96,2
